<?xml version="1.0" encoding="UTF-8"?>
<beans:beans  xmlns="http://www.springframework.org/schema/security" xmlns:xsi="http://www.w3.org/2001/XMLSchema-instance"
	   xmlns:beans="http://www.springframework.org/schema/beans"
       xsi:schemaLocation=" http://www.springframework.org/schema/beans http://www.springframework.org/schema/beans/spring-beans-3.2.xsd
       						http://www.springframework.org/schema/security http://www.springframework.org/schema/security/spring-security-3.1.xsd"
       default-autowire="byName">

  <!-- Add security that applies to many beans. All beans matching the pattern will require ROLE_USER so that their
       methods can be invoked   -->
  <global-method-security secured-annotations="enabled" pre-post-annotations="enabled">
          <protect-pointcut																			
            expression="execution(* org.organization.project.backend.services.presentation..*.*(..)))"
            access="ROLE_USER"/>
          <protect-pointcut																			
            expression="execution(* org.organization.project.backend.services.business..*.*(..)))"
            access="ROLE_USER"/>
          <protect-pointcut																			
            expression="execution(* org.organization.project.backend.services.integration..*.*(..)))"
            access="ROLE_USER"/>            
  </global-method-security>

  <http auto-config='true'>
    <intercept-url pattern="/login.jsp*" access="IS_AUTHENTICATED_ANONYMOUSLY"/>
    <intercept-url pattern="/favicon.ico" access="IS_AUTHENTICATED_ANONYMOUSLY" />
    <intercept-url pattern="/**" access="ROLE_USER" />
    <form-login login-page='/login.jsp' authentication-failure-url="/login.jsp?error=failed" />    
    <logout logout-success-url="/login.jsp"/>
  </http>	   
        
  <!--  Authentication manager with test (in-memory) authentication provider  -->        
  <authentication-manager alias="authenticationManager">
    <authentication-provider>
      <user-service>
        <user name="admin" password="admin" authorities="ROLE_USER" />
      </user-service>
    </authentication-provider>
  </authentication-manager>

</beans:beans>