<assembly xmlns="http://maven.apache.org/plugins/maven-assembly-plugin/assembly/1.1.2"
    xmlns:xsi="http://www.w3.org/2001/XMLSchema-instance"
    xsi:schemaLocation="http://maven.apache.org/plugins/maven-assembly-plugin/assembly/1.1.2 http://maven.apache.org/xsd/assembly-1.1.2.xsd">
    <id>GWT-Frontend-Resources</id>
    <formats>
        <format>zip</format>
    </formats>
    <includeBaseDirectory>false</includeBaseDirectory>
    <fileSets>
        <fileSet>
            <directory>src/main/webapp</directory>
            <outputDirectory></outputDirectory>
        </fileSet>
        <fileSet>
            <directory>${project.build.directory}/${project.build.finalName}</directory>
            <outputDirectory></outputDirectory>
        </fileSet>
    </fileSets>
</assembly>
